{
  "head": "head",
  "portraitScale": 1.72,
  "portraitTranslation": [0.13, -0.15, 0],
  "profileScale": 0.7,
  "profileTranslation": [0, 0.76, 0],
  "animations": {
	"cry": "q.bedrock_stateful('rotom', 'cry')",
    "faint": "q.bedrock_primary('rotom', 'faint', q.curve('one'))"
	    },
  "rootBone": "rotom",
  
  "poses": {
    "battle-standing": {
     "poseTypes": ["STAND"],
     "isBattle": true,
     "animations": [
       "q.look('head')",
       "q.bedrock('rotom', 'battle_idle')"
     ],
     "quirks": ["q.bedrock_quirk('rotom', 'quirk', 5, 13, 1)"]
   },
    "standing": {
      "poseTypes": [
        "STAND",
        "SWIM",
        "FLOAT",
        "PORTRAIT",
        "PROFILE",
        "NONE"
      ],
	  "isBattle": false,
      "animations": ["q.bedrock('rotom', 'ground_idle')"],
      "quirks": ["q.bedrock_quirk('rotom', 'blink', 1, 3, 2)"]
    },
	"walking": {
     "poseTypes": ["WALK"],
     "animations": [ "q.bedrock('rotom', 'ground_walk')" ],
      "quirks": ["q.bedrock_quirk('rotom', 'blink', 1, 3, 2)"]
   }
  }
}