{
	"format_version": "1.12.0",
	"minecraft:geometry": [
		{
			"description": {
				"identifier": "geometry.rotom_mow",
				"texture_width": 128,
				"texture_height": 128,
				"visible_bounds_width": 4,
				"visible_bounds_height": 2.5,
				"visible_bounds_offset": [0, 0.75, 0]
			},
			"bones": [
				{
					"name": "rotom_mow",
					"pivot": [0, -4, 0]
				},
				{
					"name": "body",
					"parent": "rotom_mow",
					"pivot": [0, 5.5, 0],
					"cubes": [
						{"origin": [-6, 2, -4.5], "size": [12, 7, 9], "uv": [0, 0]},
						{"origin": [-7, 1, -5.5], "size": [14, 9, 0], "uv": [0, 39]},
						{"origin": [-7, 1, 5.5], "size": [14, 9, 0], "uv": [28, 39]},
						{"origin": [-7, 10, -5.5], "size": [14, 0, 11], "uv": [-11, 48]},
						{"origin": [-7, 1, -5.5], "size": [14, 0, 11], "uv": [17, 48]},
						{"origin": [7, 1, -5.5], "size": [0, 9, 11], "uv": [56, 20]},
						{"origin": [-7, 1, -5.5], "size": [0, 9, 11], "uv": [56, 29], "mirror": true}
					]
				},
				{
					"name": "eyes",
					"parent": "body",
					"pivot": [0, 6, -1]
				},
				{
					"name": "eye_left",
					"parent": "eyes",
					"pivot": [2.25, 7, -4.51],
					"rotation": [0, 0, 17.5],
					"cubes": [
						{"origin": [1.25, 5.5, -4.51], "size": [2, 3, 0], "uv": [0, 0]}
					]
				},
				{
					"name": "pupil_left",
					"parent": "eye_left",
					"pivot": [2.25, 7, -4.52],
					"cubes": [
						{"origin": [1.75, 6, -4.52], "size": [1, 2, 0], "uv": [4, 0]}
					]
				},
				{
					"name": "eyelid_left",
					"parent": "eye_left",
					"pivot": [2.25, 7, -3.92],
					"cubes": [
						{"origin": [1.25, 5.5, -4.42], "size": [2, 3, 1], "inflate": 0.01, "uv": [23, 16]}
					]
				},
				{
					"name": "eye_right",
					"parent": "eyes",
					"pivot": [-2.25, 7, -4.51],
					"rotation": [0, 0, -17.5],
					"cubes": [
						{"origin": [-3.25, 5.5, -4.51], "size": [2, 3, 0], "uv": [0, 3], "mirror": true}
					]
				},
				{
					"name": "pupil_right",
					"parent": "eye_right",
					"pivot": [-2.25, 7, -4.52],
					"cubes": [
						{"origin": [-2.75, 6, -4.52], "size": [1, 2, 0], "uv": [4, 2], "mirror": true}
					]
				},
				{
					"name": "eyelid_right",
					"parent": "eye_right",
					"pivot": [-2.25, 7, -3.92],
					"cubes": [
						{"origin": [-3.25, 5.5, -4.42], "size": [2, 3, 1], "inflate": 0.01, "uv": [33, 0], "mirror": true}
					]
				},
				{
					"name": "mouth",
					"parent": "body",
					"pivot": [0, 3.5, -4.51]
				},
				{
					"name": "mouth_closed",
					"parent": "mouth",
					"pivot": [0, 4.15, -4.51],
					"cubes": [
						{"origin": [-4.5, 2.15, -4.51], "size": [9, 3, 0], "inflate": 0.01, "uv": [110, 10]},
						{"origin": [4, 4.15, -4.51], "size": [1, 2, 0], "uv": [120, 8]},
						{"origin": [-5, 4.15, -4.51], "size": [1, 2, 0], "uv": [122, 8], "mirror": true}
					]
				},
				{
					"name": "mouth_open",
					"parent": "mouth",
					"pivot": [0, 3.6, -2.91],
					"cubes": [
						{"origin": [-4.5, 2.09, -4.505], "size": [9, 3, 3], "inflate": 0.01, "uv": [99, 52]},
						{"origin": [4, 3.09, -4.51], "size": [1, 3, 0], "uv": [112, 49]},
						{"origin": [-5, 3.09, -4.505], "size": [1, 3, 0], "uv": [114, 49], "mirror": true}
					]
				},
				{
					"name": "arm_bottom",
					"parent": "body",
					"pivot": [-1, 1, -2.5],
					"rotation": [25, 10, 0]
				},
				{
					"name": "arm_bottom_rotation",
					"parent": "arm_bottom",
					"pivot": [-1, 1, -2.5],
					"cubes": [
						{"origin": [-2, 1, -8.5], "size": [2, 0, 6], "uv": [92, 58]}
					]
				},
				{
					"name": "arm_bottom2",
					"parent": "arm_bottom_rotation",
					"pivot": [0, 1, -8.5],
					"cubes": [
						{"origin": [0, 1, -14.5], "size": [5, 0, 9], "inflate": 0.01, "uv": [93, 58]}
					]
				},
				{
					"name": "wheels",
					"parent": "body",
					"pivot": [0, 6, 0]
				},
				{
					"name": "wheel_left",
					"parent": "wheels",
					"pivot": [9, 5.5, 0],
					"rotation": [0, 0, 5]
				},
				{
					"name": "wheel_left_rotation",
					"parent": "wheel_left",
					"pivot": [9, 5.5, 0],
					"cubes": [
						{"origin": [7.5, 1.5, -4], "size": [3, 8, 8], "uv": [0, 23]},
						{"origin": [6.5, 0.5, -5], "size": [5, 10, 0], "uv": [80, 0]},
						{"origin": [6.5, 0.5, 5], "size": [5, 10, 0], "uv": [62, 19]},
						{"origin": [6.5, 10.5, -5], "size": [5, 0, 10], "uv": [90, 0]},
						{"origin": [6.5, 0.5, -5], "size": [5, 0, 10], "uv": [80, 10]},
						{"origin": [11.5, 0.5, -5], "size": [0, 10, 10], "uv": [82, 10]},
						{"origin": [6.5, 0.5, -5], "size": [0, 10, 10], "uv": [78, 20], "mirror": true}
					]
				},
				{
					"name": "arm_left",
					"parent": "wheel_left_rotation",
					"pivot": [11.5, 8.5, 0],
					"cubes": [
						{"origin": [11.5, 7.5, 0], "size": [5, 2, 0], "uv": [102, 48]}
					]
				},
				{
					"name": "arm_left2",
					"parent": "arm_left",
					"pivot": [16.5, 9.5, 0],
					"cubes": [
						{"origin": [13.5, 9.5, 0], "size": [9, 5, 0], "inflate": 0.01, "uv": [80, 54]}
					]
				},
				{
					"name": "wheel_right",
					"parent": "wheels",
					"pivot": [-9, 5.5, 0],
					"rotation": [0, 0, -5]
				},
				{
					"name": "wheel_right_rotation",
					"parent": "wheel_right",
					"pivot": [-9, 5.5, 0],
					"cubes": [
						{"origin": [-10.5, 1.5, -4], "size": [3, 8, 8], "uv": [22, 23], "mirror": true},
						{"origin": [-11.5, 0.5, -5], "size": [5, 10, 0], "uv": [90, 0], "mirror": true},
						{"origin": [-11.5, 0.5, 5], "size": [5, 10, 0], "uv": [72, 19], "mirror": true},
						{"origin": [-11.5, 10.5, -5], "size": [5, 0, 10], "uv": [100, 0], "mirror": true},
						{"origin": [-11.5, 0.5, -5], "size": [5, 0, 10], "uv": [90, 10], "mirror": true},
						{"origin": [-11.5, 0.5, -5], "size": [0, 10, 10], "uv": [102, 10], "mirror": true},
						{"origin": [-6.5, 0.5, -5], "size": [0, 10, 10], "uv": [98, 20]}
					]
				},
				{
					"name": "arm_right",
					"parent": "wheel_right_rotation",
					"pivot": [-11.5, 8.5, 0],
					"cubes": [
						{"origin": [-16.5, 7.5, 0], "size": [5, 2, 0], "uv": [102, 50], "mirror": true}
					]
				},
				{
					"name": "arm_right2",
					"parent": "arm_right",
					"pivot": [-16.5, 9.5, 0],
					"cubes": [
						{"origin": [-22.5, 9.5, 0], "size": [9, 5, 0], "inflate": 0.01, "uv": [80, 59], "mirror": true}
					]
				},
				{
					"name": "body_top",
					"parent": "body",
					"pivot": [0, 9, -1.5],
					"rotation": [-12.5, 0, 0],
					"cubes": [
						{"origin": [-2, 8.5, -1.5], "size": [4, 3, 4], "uv": [28, 16]},
						{"origin": [-1, 11, -0.5], "size": [2, 3, 2], "uv": [33, 4]},
						{"origin": [-0.5, 14, 0], "size": [1, 8, 1], "uv": [41, 0]},
						{"origin": [-3, 9.5, -2.5], "size": [6, 3, 0], "uv": [0, 59]},
						{"origin": [-3, 10.5, 3.5], "size": [6, 2, 0], "uv": [0, 62]},
						{"origin": [-3, 12.5, -2.5], "size": [6, 0, 6], "uv": [38, 31]},
						{"origin": [3, 9.5, -2.5], "size": [0, 3, 6], "uv": [12, 53]},
						{"origin": [-3, 9.5, -2.5], "size": [0, 3, 6], "uv": [24, 53], "mirror": true},
						{"origin": [-2, 12.5, -1.5], "size": [4, 2, 0], "uv": [12, 62]},
						{"origin": [-2, 12.5, 2.5], "size": [4, 2, 0], "uv": [20, 62]},
						{"origin": [-2, 14.5, -1.5], "size": [4, 0, 4], "uv": [32, 59]},
						{"origin": [2, 12.5, -1.5], "size": [0, 2, 4], "uv": [28, 58]},
						{"origin": [-2, 12.5, -1.5], "size": [0, 2, 4], "uv": [36, 59], "mirror": true},
						{"origin": [-1.5, 14.5, -1], "size": [3, 6, 0], "uv": [56, 49]},
						{"origin": [-1.5, 14.5, 2], "size": [3, 6, 0], "uv": [62, 49]},
						{"origin": [1.5, 14.5, -1], "size": [0, 6, 3], "uv": [68, 46]},
						{"origin": [-1.5, 14.5, -1], "size": [0, 6, 3], "uv": [74, 46], "mirror": true}
					]
				},
				{
					"name": "handle",
					"parent": "body_top",
					"pivot": [0, 21.4, 1.5],
					"rotation": [12.5, 0, 0],
					"cubes": [
						{"origin": [-4.5, 21.4, -2], "size": [9, 2, 5], "uv": [0, 16]},
						{"origin": [-5.5, 20.4, -3], "size": [11, 4, 0], "uv": [56, 55]},
						{"origin": [-5.5, 20.4, 4], "size": [11, 4, 0], "uv": [44, 59]},
						{"origin": [-5.5, 24.4, -3], "size": [11, 0, 7], "uv": [71, 40]},
						{"origin": [-5.5, 20.4, -3], "size": [11, 0, 7], "uv": [73, 47]},
						{"origin": [5.5, 20.4, -3], "size": [0, 4, 7], "uv": [100, 33]},
						{"origin": [-5.5, 20.4, -3], "size": [0, 4, 7], "uv": [102, 37], "mirror": true}
					]
				},
				{
					"name": "bagger",
					"parent": "body",
					"pivot": [0, 4, 6],
					"cubes": [
						{"origin": [-4, 2.5, 6], "size": [8, 2, 10], "uv": [36, 19]},
						{"origin": [-4, 4.5, 14], "size": [8, 7, 2], "uv": [56, 0]},
						{"origin": [4, 2.5, 6], "size": [2, 9, 10], "uv": [42, 0]},
						{"origin": [-6, 2.5, 6], "size": [2, 9, 10], "uv": [66, 0], "mirror": true},
						{"origin": [-7, 1.5, 5], "size": [14, 11, 0], "uv": [0, 64]},
						{"origin": [-7, 1.5, 17], "size": [14, 11, 0], "uv": [28, 65]},
						{"origin": [-7, 12.5, 5], "size": [14, 0, 12], "uv": [-12, 75]},
						{"origin": [-7, 1.5, 5], "size": [14, 0, 12], "uv": [16, 76]},
						{"origin": [7, 1.5, 5], "size": [0, 11, 12], "uv": [0, 75]},
						{"origin": [-7, 1.5, 5], "size": [0, 11, 12], "uv": [24, 76], "mirror": true},
						{"origin": [-3, 5.5, 13], "size": [6, 7, 0], "uv": [56, 63]},
						{"origin": [-3, 5.5, 5], "size": [6, 0, 8], "uv": [60, 59]},
						{"origin": [3, 5.5, 5], "size": [0, 7, 8], "uv": [56, 69], "mirror": true},
						{"origin": [-3, 5.5, 5], "size": [0, 7, 8], "uv": [56, 62]}
					]
				}
			]
		}
	]
}