{
	"format_version": "1.12.0",
	"minecraft:geometry": [
		{
			"description": {
				"identifier": "geometry.rotom_frost",
				"texture_width": 128,
				"texture_height": 64,
				"visible_bounds_width": 4,
				"visible_bounds_height": 2.5,
				"visible_bounds_offset": [0, 0.75, 0]
			},
			"bones": [
				{
					"name": "rotom_frost",
					"pivot": [0, -1.5, 0]
				},
				{
					"name": "body",
					"parent": "rotom_frost",
					"pivot": [0, 10, 0.5],
					"cubes": [
						{"origin": [-5.5, 13, -5], "size": [11, 5, 10], "uv": [0, 0]},
						{"origin": [-5.5, 2, -5], "size": [11, 5, 10], "uv": [0, 15]},
						{"origin": [-0.5, 7, -5], "size": [1, 6, 2], "uv": [4, 15]},
						{"origin": [-5.5, 7, 2], "size": [11, 6, 3], "uv": [0, 30]},
						{"origin": [3.5, 7, -3], "size": [2, 6, 5], "uv": [37, 10]},
						{"origin": [-5.5, 7, -3], "size": [2, 6, 5], "uv": [46, 4], "mirror": true},
						{"origin": [-3.5, 10, -3], "size": [7, 0, 5], "uv": [27, 5], "mirror": true},
						{"origin": [-6.5, 1, -6], "size": [13, 18, 0], "inflate": 0.02, "uv": [0, 45]},
						{"origin": [-6.5, 1, 6], "size": [13, 18, 0], "uv": [26, 44]},
						{"origin": [-6.5, 19, -6], "size": [13, 0, 12], "uv": [40, 40]},
						{"origin": [-6.5, 1, -6], "size": [13, 0, 12], "uv": [40, 52]},
						{"origin": [6.5, 1, -6], "size": [0, 18, 12], "inflate": 0.01, "uv": [60, -3]},
						{"origin": [-6.5, 1, -6], "size": [0, 18, 12], "inflate": 0.01, "uv": [84, -3], "mirror": true}
					]
				},
				{
					"name": "eyes",
					"parent": "body",
					"pivot": [0, 15, -1.5]
				},
				{
					"name": "eye_left",
					"parent": "eyes",
					"pivot": [2.5, 16, -5.01],
					"rotation": [0, 0, 15],
					"cubes": [
						{"origin": [1.5, 14.5, -5.01], "size": [2, 3, 0], "uv": [0, 0]}
					]
				},
				{
					"name": "pupil_left",
					"parent": "eye_left",
					"pivot": [2.5, 16, -5.02],
					"cubes": [
						{"origin": [2, 15, -5.02], "size": [1, 2, 0], "uv": [4, 0]}
					]
				},
				{
					"name": "eyelid_left",
					"parent": "eye_left",
					"pivot": [2.5, 16, -4.42],
					"cubes": [
						{"origin": [1.5, 14.5, -4.92], "size": [2, 3, 1], "inflate": 0.01, "uv": [32, 1]}
					]
				},
				{
					"name": "eye_right",
					"parent": "eyes",
					"pivot": [-2.5, 16, -5.01],
					"rotation": [0, 0, -15],
					"cubes": [
						{"origin": [-3.5, 14.5, -5.01], "size": [2, 3, 0], "uv": [0, 3], "mirror": true}
					]
				},
				{
					"name": "pupil_right",
					"parent": "eye_right",
					"pivot": [-2.5, 16, -5.02],
					"cubes": [
						{"origin": [-3, 15, -5.02], "size": [1, 2, 0], "uv": [4, 2], "mirror": true}
					]
				},
				{
					"name": "eyelid_right",
					"parent": "eye_right",
					"pivot": [-2.5, 16, -4.42],
					"cubes": [
						{"origin": [-3.5, 14.5, -4.92], "size": [2, 3, 1], "inflate": 0.01, "uv": [38, 1], "mirror": true}
					]
				},
				{
					"name": "mouth",
					"parent": "body",
					"pivot": [0, 14.05, -5.01]
				},
				{
					"name": "mouth_closed",
					"parent": "mouth",
					"pivot": [0, 13.925, -5.01],
					"cubes": [
						{"origin": [-1, 13.65, -5.01], "size": [2, 1, 0], "inflate": 0.01, "uv": [6, 0]},
						{"origin": [-1.5, 13.2, -5.01], "size": [3, 1, 0], "uv": [4, 4]}
					]
				},
				{
					"name": "mouth_open",
					"parent": "mouth",
					"pivot": [0, 13.825, -4.91],
					"cubes": [
						{"origin": [-1, 13.55, -4.91], "size": [2, 1, 0], "uv": [6, 1]},
						{"origin": [-1.5, 13.1, -4.91], "size": [3, 1, 0], "inflate": 0.01, "uv": [4, 5]}
					]
				},
				{
					"name": "mouth_smile",
					"parent": "mouth",
					"pivot": [0, 13.825, -4.91],
					"cubes": [
						{"origin": [-1, 13.1, -4.91], "size": [2, 1, 0], "inflate": 0.01, "uv": [6, 2]},
						{"origin": [-1.5, 13.55, -4.91], "size": [3, 1, 0], "uv": [4, 6]}
					]
				},
				{
					"name": "arms",
					"parent": "body",
					"pivot": [0, 9, 0]
				},
				{
					"name": "arm_left",
					"parent": "arms",
					"pivot": [6.5, 10, 0],
					"cubes": [
						{"origin": [6.5, 9, 0], "size": [9, 2, 0], "uv": [32, 21]}
					]
				},
				{
					"name": "arm_left2",
					"parent": "arm_left",
					"pivot": [14.5, 11, 0],
					"cubes": [
						{"origin": [11.5, 11, 0], "size": [11, 9, 0], "inflate": 0.01, "uv": [75, 0]}
					]
				},
				{
					"name": "arm_right",
					"parent": "arms",
					"pivot": [-6.5, 10, 0],
					"cubes": [
						{"origin": [-15.5, 9, 0], "size": [9, 2, 0], "uv": [32, 23], "mirror": true}
					]
				},
				{
					"name": "arm_right2",
					"parent": "arm_right",
					"pivot": [-14.5, 11, 0],
					"cubes": [
						{"origin": [-22.5, 11, 0], "size": [11, 9, 0], "inflate": 0.01, "uv": [97, 0], "mirror": true}
					]
				},
				{
					"name": "doors",
					"parent": "body",
					"pivot": [0, 10, -3]
				},
				{
					"name": "door_left",
					"parent": "doors",
					"pivot": [6, 10, -3],
					"cubes": [
						{"origin": [0.5, 7, -5], "size": [5, 6, 2], "inflate": 0.01, "uv": [28, 30]},
						{"origin": [0.75, 8.5, -5.5], "size": [2, 4, 1], "uv": [45, 0]},
						{"origin": [1.5, 10.5, -3.5], "size": [3, 2, 1], "uv": [51, 0]},
						{"origin": [1.5, 7.5, -3.5], "size": [3, 2, 1], "uv": [61, 3]}
					]
				},
				{
					"name": "door_left_outline",
					"parent": "door_left",
					"pivot": [3, 10, -4],
					"cubes": [
						{"origin": [-0.5, 6, -6], "size": [7, 8, 0], "uv": [108, 9]},
						{"origin": [-0.5, 6, -2], "size": [7, 8, 0], "inflate": 0.01, "uv": [87, 27]},
						{"origin": [-0.5, 14, -6], "size": [7, 0, 4], "uv": [97, 27]},
						{"origin": [-0.5, 6, -6], "size": [7, 0, 4], "uv": [97, 35]},
						{"origin": [-0.5, 6, -6], "size": [0, 8, 4], "uv": [86, 39], "mirror": true},
						{"origin": [6.5, 6, -6], "size": [0, 8, 4], "uv": [78, 36]}
					]
				},
				{
					"name": "door_right",
					"parent": "doors",
					"pivot": [-6, 10, -3],
					"cubes": [
						{"origin": [-5.5, 7, -5], "size": [5, 6, 2], "inflate": 0.01, "uv": [42, 25], "mirror": true},
						{"origin": [-2.75, 8.5, -5.5], "size": [2, 4, 1], "uv": [55, 3], "mirror": true},
						{"origin": [-4.5, 10.5, -3.5], "size": [3, 2, 1], "uv": [59, 0], "mirror": true},
						{"origin": [-4.5, 7.5, -3.5], "size": [3, 2, 1], "uv": [67, 0], "mirror": true}
					]
				},
				{
					"name": "door_right_outline",
					"parent": "door_right",
					"pivot": [-2.5, 11, 7],
					"cubes": [
						{"origin": [0.5, 6, -6], "size": [0, 8, 4], "uv": [86, 47]},
						{"origin": [-6.5, 6, -2], "size": [7, 8, 0], "uv": [87, 35], "mirror": true},
						{"origin": [-6.5, 14, -6], "size": [7, 0, 4], "uv": [97, 31], "mirror": true},
						{"origin": [-6.5, 6, -6], "size": [7, 0, 4], "uv": [97, 39], "mirror": true},
						{"origin": [-6.5, 6, -6], "size": [0, 8, 4], "uv": [78, 44], "mirror": true},
						{"origin": [-6.5, 6, -6], "size": [7, 8, 0], "inflate": 0.01, "uv": [108, 17], "mirror": true}
					]
				},
				{
					"name": "body_top",
					"parent": "body",
					"pivot": [0, 18, 0],
					"cubes": [
						{"origin": [-1.5, 18, -1.5], "size": [3, 2, 3], "uv": [22, 39]},
						{"origin": [-1, 20, -1], "size": [2, 2, 2], "uv": [31, 38]},
						{"origin": [-2.5, 19, -2.5], "size": [5, 2, 0], "uv": [47, 38]},
						{"origin": [-2.5, 19, 2.5], "size": [5, 2, 0], "uv": [57, 38]},
						{"origin": [-2.5, 21, -2.5], "size": [5, 0, 5], "uv": [59, 33]},
						{"origin": [2.5, 19, -2.5], "size": [0, 2, 5], "uv": [67, 33]},
						{"origin": [-2.5, 19, -2.5], "size": [0, 2, 5], "uv": [77, 33], "mirror": true},
						{"origin": [-1.5, 21, -1.5], "size": [3, 2, 0], "uv": [74, 33]},
						{"origin": [-1.5, 21, 1.5], "size": [3, 2, 0], "uv": [74, 35]},
						{"origin": [-1.5, 23, -1.5], "size": [3, 0, 3], "uv": [77, 33]},
						{"origin": [1.5, 21, -1.5], "size": [0, 2, 3], "uv": [78, 26]},
						{"origin": [-1.5, 21, -1.5], "size": [0, 2, 3], "uv": [78, 28], "mirror": true}
					]
				},
				{
					"name": "body_bottom",
					"parent": "body",
					"pivot": [0, 6.25, 5],
					"cubes": [
						{"origin": [-4.5, 2.25, 5], "size": [9, 4, 2], "uv": [0, 39]},
						{"origin": [-5.5, 1, 8], "size": [11, 6, 0], "uv": [56, 27]},
						{"origin": [-5.5, 7, 6], "size": [11, 0, 2], "uv": [40, 34]},
						{"origin": [-5.5, 1, 6], "size": [11, 0, 2], "uv": [40, 36]},
						{"origin": [5.5, 1, 6], "size": [0, 6, 2], "uv": [39, 36]},
						{"origin": [-5.5, 1, 6], "size": [0, 6, 2], "uv": [43, 36], "mirror": true}
					]
				}
			]
		}
	]
}