{
  "nationalPokedexNumber": 479,
  "name": "Rotom",
  "primaryType": "electric",
  "secondaryType": "ghost",
  "maleRatio": -1,
  "height": 3,
  "weight": 3,
  "pokedex": [
    "cobblemon.species.rotom.desc"
  ],
  "labels": [
    "gen4"
  ],
  "aspects": [
        "bulb-appliance"
      ],
  "abilities": [
    "levitate",
    "h:levitate"
  ],
  "eggGroups": [
    "amorphous"
  ],
  "baseStats": {
    "hp": 50,
    "attack": 50,
    "defence": 77,
    "special_attack": 95,
    "special_defence": 77,
    "speed": 91
  },
  "evYield": {
    "hp": 0,
    "attack": 0,
    "defence": 0,
    "special_attack": 1,
    "special_defence": 0,
    "speed": 1
  },
  "baseExperienceYield": 154,
  "experienceGroup": "medium_fast",
  "catchRate": 45,
  "eggCycles": 20,
  "baseFriendship": 50,
  "baseScale": 0.45,
  "hitbox": {
    "width": 0.55,
    "height": 3.3,
    "fixed": false
  },
  "moves": [
    "1:astonish",
    "1:doubleteam",
    "5:thundershock",
    "10:confuseray",
    "15:charge",
    "20:electroball",
    "25:thunderwave",
    "30:shockwave",
    "35:hex",
    "40:substitute",
    "45:trick",
    "50:discharge",
    "55:uproar",
    "tm:allyswitch",
    "tm:charge",
    "tm:chargebeam",
    "tm:confuseray",
    "tm:darkpulse",
    "tm:doubleteam",
    "tm:dreameater",
    "tm:eerieimpulse",
    "tm:electricterrain",
    "tm:electroball",
    "tm:electroweb",
    "tm:endure",
    "tm:facade",
    "tm:flash",
    "tm:foulplay",
    "tm:helpinghand",
    "tm:hex",
    "tm:hypervoice",
    "tm:lightscreen",
    "tm:nastyplot",
    "tm:nightshade",
    "tm:ominouswind",
    "tm:painsplit",
    "tm:poltergeist",
    "tm:protect",
    "tm:raindance",
    "tm:reflect",
    "tm:rest",
    "tm:risingvoltage",
    "tm:shadowball",
    "tm:shockwave",
    "tm:signalbeam",
    "tm:sleeptalk",
    "tm:snatch",
    "tm:spite",
    "tm:storedpower",
    "tm:substitute",
    "tm:suckerpunch",
    "tm:sunnyday",
    "tm:swift",
    "tm:telekinesis",
    "tm:terablast",
    "tm:thief",
    "tm:thunder",
    "tm:thunderbolt",
    "tm:thunderwave",
    "tm:trick",
    "tm:uproar",
    "tm:voltswitch",
    "tm:willowisp",
    "tutor:allyswitch",
    "tutor:chargebeam",
    "tutor:darkpulse",
    "tutor:electroweb",
    "tutor:foulplay",
    "tutor:helpinghand",
    "tutor:hypervoice",
    "tutor:ominouswind",
    "tutor:painsplit",
    "tutor:poltergeist",
    "tutor:rest",
    "tutor:risingvoltage",
    "tutor:shadowball",
    "tutor:shockwave",
    "tutor:signalbeam",
    "tutor:sleeptalk",
    "tutor:snatch",
    "tutor:spite",
    "tutor:suckerpunch",
    "tutor:swift",
    "tutor:telekinesis",
    "tutor:thunderbolt",
    "tutor:trick",
    "tutor:uproar"
  ],
  "evolutions": [
		{
		"id": "rotom_rotomheat",
		"variant": "level_up",
		"result": "rotom appliance=heat",
		"consumeHeldItem": false,
		"learnableMoves": [],
		"requirements": [
			{
			"variant": "held_item",
			"itemCondition": "cobblemon:monitor"
			}
		]
		},
		{
		"id": "rotom_rotomwash",
		"variant": "level_up",
		"result": "rotom appliance=wash",
		"consumeHeldItem": false,
		"learnableMoves": [],
		"requirements": [
			{
			"variant": "held_item",
			"itemCondition": "cobblemon:monitor"
			}
		]
		},
		{
		"id": "rotom_rotomfan",
		"variant": "level_up",
		"result": "rotom appliance=fan",
		"consumeHeldItem": false,
		"learnableMoves": [],
		"requirements": [
			{
			"variant": "held_item",
			"itemCondition": "cobblemon:monitor"
			}
		]
		},
		{
		"id": "rotom_rotomfrost",
		"variant": "level_up",
		"result": "rotom appliance=frost",
		"consumeHeldItem": false,
		"learnableMoves": [],
		"requirements": [
			{
			"variant": "held_item",
			"itemCondition": "cobblemon:monitor"
			}
		]
		},
		{
		"id": "rotom_rotommow",
		"variant": "level_up",
		"result": "rotom appliance=mow",
		"consumeHeldItem": false,
		"learnableMoves": [],
		"requirements": [
			{
			"variant": "held_item",
			"itemCondition": "cobblemon:monitor"
			}
		]
		}
  ],
  "forms": [
    {
      "name": "Heat",
      "primaryType": "electric",
      "secondaryType": "fire",
      "maleRatio": -1,
      "baseScale": 1.1,
	  "hitbox": {
		"width": 0.85,
		"height": 1.6,
		"fixed": false
	  },
	  "height": 3,
      "weight": 3,
      "pokedex": [
        "cobblemon.species.rotom-heat.desc"
      ],
      "labels": [
        "gen4"
      ],
      "aspects": [
        "heat-appliance"
      ],
      "baseStats": {
        "hp": 50,
        "attack": 65,
        "defence": 107,
        "special_attack": 105,
        "special_defence": 107,
        "speed": 86
      },
      "baseExperienceYield": 182,
      "moves": [
        "1:astonish",
        "1:doubleteam",
        "5:thundershock",
        "10:confuseray",
        "15:charge",
        "20:electroball",
        "25:thunderwave",
        "30:shockwave",
        "35:hex",
        "40:substitute",
        "45:trick",
        "50:discharge",
        "55:uproar",
        "form_change:overheat",
        "tm:allyswitch",
        "tm:charge",
        "tm:chargebeam",
        "tm:confuseray",
        "tm:darkpulse",
        "tm:doubleteam",
        "tm:dreameater",
        "tm:eerieimpulse",
        "tm:electricterrain",
        "tm:electroball",
        "tm:electroweb",
        "tm:endure",
        "tm:facade",
        "tm:flash",
        "tm:foulplay",
        "tm:helpinghand",
        "tm:hex",
        "tm:hypervoice",
        "tm:lightscreen",
        "tm:nastyplot",
        "tm:nightshade",
        "tm:ominouswind",
        "tm:overheat",
        "tm:painsplit",
        "tm:poltergeist",
        "tm:protect",
        "tm:raindance",
        "tm:reflect",
        "tm:rest",
        "tm:risingvoltage",
        "tm:shadowball",
        "tm:shockwave",
        "tm:signalbeam",
        "tm:sleeptalk",
        "tm:snatch",
        "tm:spite",
        "tm:storedpower",
        "tm:substitute",
        "tm:suckerpunch",
        "tm:sunnyday",
        "tm:swift",
        "tm:telekinesis",
        "tm:terablast",
        "tm:thief",
        "tm:thunder",
        "tm:thunderbolt",
        "tm:thunderwave",
        "tm:trick",
        "tm:uproar",
        "tm:voltswitch",
        "tm:willowisp",
        "tutor:allyswitch",
        "tutor:chargebeam",
        "tutor:darkpulse",
        "tutor:electroweb",
        "tutor:foulplay",
        "tutor:helpinghand",
        "tutor:hypervoice",
        "tutor:ominouswind",
        "tutor:painsplit",
        "tutor:poltergeist",
        "tutor:rest",
        "tutor:risingvoltage",
        "tutor:shadowball",
        "tutor:shockwave",
        "tutor:signalbeam",
        "tutor:sleeptalk",
        "tutor:snatch",
        "tutor:spite",
        "tutor:suckerpunch",
        "tutor:swift",
        "tutor:telekinesis",
        "tutor:thunderbolt",
        "tutor:trick",
        "tutor:uproar"
      ],
      "evolutions": [
	  {
		"id": "rotomheat_rotom",
		"variant": "level_up",
		"result": "rotom appliance=bulb",
		"consumeHeldItem": false,
		"learnableMoves": [],
		"requirements": [
			{
			"variant": "held_item",
			"itemCondition": "cobblemon:monitor"
			}
		]
		}
	],
      "battleOnly": false
    },
    {
      "name": "Wash",
      "primaryType": "electric",
      "secondaryType": "water",
      "baseScale": 1.0,
	  "hitbox": {
		"width": 0.85,
		"height": 1.7,
		"fixed": false
	  },
	  "maleRatio": -1,
      "height": 3,
      "weight": 3,
      "pokedex": [
        "cobblemon.species.rotom-wash.desc"
      ],
      "labels": [
        "gen4"
      ],
      "aspects": [
        "wash-appliance"
      ],
      "baseStats": {
        "hp": 50,
        "attack": 65,
        "defence": 107,
        "special_attack": 105,
        "special_defence": 107,
        "speed": 86
      },
      "baseExperienceYield": 182,
      "moves": [
        "1:astonish",
        "1:doubleteam",
        "5:thundershock",
        "10:confuseray",
        "15:charge",
        "20:electroball",
        "25:thunderwave",
        "30:shockwave",
        "35:hex",
        "40:substitute",
        "45:trick",
        "50:discharge",
        "55:uproar",
        "form_change:hydropump",
        "tm:allyswitch",
        "tm:charge",
        "tm:chargebeam",
        "tm:confuseray",
        "tm:darkpulse",
        "tm:doubleteam",
        "tm:dreameater",
        "tm:eerieimpulse",
        "tm:electricterrain",
        "tm:electroball",
        "tm:electroweb",
        "tm:endure",
        "tm:facade",
        "tm:flash",
        "tm:foulplay",
        "tm:helpinghand",
        "tm:hex",
        "tm:hydropump",
        "tm:hypervoice",
        "tm:lightscreen",
        "tm:nastyplot",
        "tm:nightshade",
        "tm:ominouswind",
        "tm:painsplit",
        "tm:poltergeist",
        "tm:protect",
        "tm:raindance",
        "tm:reflect",
        "tm:rest",
        "tm:risingvoltage",
        "tm:shadowball",
        "tm:shockwave",
        "tm:signalbeam",
        "tm:sleeptalk",
        "tm:snatch",
        "tm:spite",
        "tm:storedpower",
        "tm:substitute",
        "tm:suckerpunch",
        "tm:sunnyday",
        "tm:swift",
        "tm:telekinesis",
        "tm:terablast",
        "tm:thief",
        "tm:thunder",
        "tm:thunderbolt",
        "tm:thunderwave",
        "tm:trick",
        "tm:uproar",
        "tm:voltswitch",
        "tm:willowisp",
        "tutor:allyswitch",
        "tutor:chargebeam",
        "tutor:darkpulse",
        "tutor:electroweb",
        "tutor:foulplay",
        "tutor:helpinghand",
        "tutor:hypervoice",
        "tutor:ominouswind",
        "tutor:painsplit",
        "tutor:poltergeist",
        "tutor:rest",
        "tutor:risingvoltage",
        "tutor:shadowball",
        "tutor:shockwave",
        "tutor:signalbeam",
        "tutor:sleeptalk",
        "tutor:snatch",
        "tutor:spite",
        "tutor:suckerpunch",
        "tutor:swift",
        "tutor:telekinesis",
        "tutor:thunderbolt",
        "tutor:trick",
        "tutor:uproar"
      ],
      "evolutions": [
		{
		"id": "rotomwash_rotom",
		"variant": "level_up",
		"result": "rotom appliance=bulb",
		"consumeHeldItem": false,
		"learnableMoves": [],
		"requirements": [
			{
			"variant": "held_item",
			"itemCondition": "cobblemon:monitor"
			}
		]
		}
	  ],
      "battleOnly": false
    },
    {
      "name": "Frost",
      "primaryType": "electric",
      "secondaryType": "ice",
	  "baseScale": 1.55,
	  "hitbox": {
		"width": 0.75,
		"height": 1.6,
		"fixed": false
	  },
      "maleRatio": -1,
      "height": 3,
      "weight": 3,
      "pokedex": [
        "cobblemon.species.rotom-frost.desc"
      ],
      "labels": [
        "gen4"
      ],
      "aspects": [
        "frost-appliance"
      ],
      "baseStats": {
        "hp": 50,
        "attack": 65,
        "defence": 107,
        "special_attack": 105,
        "special_defence": 107,
        "speed": 86
      },
      "baseExperienceYield": 182,
      "moves": [
        "1:astonish",
        "1:doubleteam",
        "5:thundershock",
        "10:confuseray",
        "15:charge",
        "20:electroball",
        "25:thunderwave",
        "30:shockwave",
        "35:hex",
        "40:substitute",
        "45:trick",
        "50:discharge",
        "55:uproar",
        "form_change:blizzard",
        "tm:allyswitch",
        "tm:blizzard",
        "tm:charge",
        "tm:chargebeam",
        "tm:confuseray",
        "tm:darkpulse",
        "tm:doubleteam",
        "tm:dreameater",
        "tm:eerieimpulse",
        "tm:electricterrain",
        "tm:electroball",
        "tm:electroweb",
        "tm:endure",
        "tm:facade",
        "tm:flash",
        "tm:foulplay",
        "tm:helpinghand",
        "tm:hex",
        "tm:hypervoice",
        "tm:lightscreen",
        "tm:nastyplot",
        "tm:nightshade",
        "tm:ominouswind",
        "tm:painsplit",
        "tm:poltergeist",
        "tm:protect",
        "tm:raindance",
        "tm:reflect",
        "tm:rest",
        "tm:risingvoltage",
        "tm:shadowball",
        "tm:shockwave",
        "tm:signalbeam",
        "tm:sleeptalk",
        "tm:snatch",
        "tm:spite",
        "tm:storedpower",
        "tm:substitute",
        "tm:suckerpunch",
        "tm:sunnyday",
        "tm:swift",
        "tm:telekinesis",
        "tm:terablast",
        "tm:thief",
        "tm:thunder",
        "tm:thunderbolt",
        "tm:thunderwave",
        "tm:trick",
        "tm:uproar",
        "tm:voltswitch",
        "tm:willowisp",
        "tutor:allyswitch",
        "tutor:chargebeam",
        "tutor:darkpulse",
        "tutor:electroweb",
        "tutor:foulplay",
        "tutor:helpinghand",
        "tutor:hypervoice",
        "tutor:ominouswind",
        "tutor:painsplit",
        "tutor:poltergeist",
        "tutor:rest",
        "tutor:risingvoltage",
        "tutor:shadowball",
        "tutor:shockwave",
        "tutor:signalbeam",
        "tutor:sleeptalk",
        "tutor:snatch",
        "tutor:spite",
        "tutor:suckerpunch",
        "tutor:swift",
        "tutor:telekinesis",
        "tutor:thunderbolt",
        "tutor:trick",
        "tutor:uproar"
      ],
      "evolutions": [
	  {
		"id": "rotomfrost_rotom",
		"variant": "level_up",
		"result": "rotom appliance=bulb",
		"consumeHeldItem": false,
		"learnableMoves": [],
		"requirements": [
			{
			"variant": "held_item",
			"itemCondition": "cobblemon:monitor"
			}
		]
		}
	  ],
      "battleOnly": false
    },
    {
      "name": "Fan",
      "primaryType": "electric",
      "secondaryType": "flying",
	  "baseScale": 0.6,
	  "hitbox": {
		"width": 0.55,
		"height": 2.1,
		"fixed": false
	  },
      "maleRatio": -1,
      "height": 3,
      "weight": 3,
      "pokedex": [
        "cobblemon.species.rotom-fan.desc"
      ],
      "labels": [
        "gen4"
      ],
      "aspects": [
        "fan-appliance"
      ],
      "baseStats": {
        "hp": 50,
        "attack": 65,
        "defence": 107,
        "special_attack": 105,
        "special_defence": 107,
        "speed": 86
      },
      "baseExperienceYield": 182,
      "moves": [
        "1:astonish",
        "1:doubleteam",
        "5:thundershock",
        "10:confuseray",
        "15:charge",
        "20:electroball",
        "25:thunderwave",
        "30:shockwave",
        "35:hex",
        "40:substitute",
        "45:trick",
        "50:discharge",
        "55:uproar",
        "form_change:airslash",
        "tm:airslash",
        "tm:allyswitch",
        "tm:charge",
        "tm:chargebeam",
        "tm:confuseray",
        "tm:darkpulse",
        "tm:doubleteam",
        "tm:dreameater",
        "tm:eerieimpulse",
        "tm:electricterrain",
        "tm:electroball",
        "tm:electroweb",
        "tm:endure",
        "tm:facade",
        "tm:flash",
        "tm:foulplay",
        "tm:helpinghand",
        "tm:hex",
        "tm:hypervoice",
        "tm:lightscreen",
        "tm:nastyplot",
        "tm:nightshade",
        "tm:ominouswind",
        "tm:painsplit",
        "tm:poltergeist",
        "tm:protect",
        "tm:raindance",
        "tm:reflect",
        "tm:rest",
        "tm:risingvoltage",
        "tm:shadowball",
        "tm:shockwave",
        "tm:signalbeam",
        "tm:sleeptalk",
        "tm:snatch",
        "tm:spite",
        "tm:storedpower",
        "tm:substitute",
        "tm:suckerpunch",
        "tm:sunnyday",
        "tm:swift",
        "tm:telekinesis",
        "tm:terablast",
        "tm:thief",
        "tm:thunder",
        "tm:thunderbolt",
        "tm:thunderwave",
        "tm:trick",
        "tm:uproar",
        "tm:voltswitch",
        "tm:willowisp",
        "tutor:allyswitch",
        "tutor:chargebeam",
        "tutor:darkpulse",
        "tutor:electroweb",
        "tutor:foulplay",
        "tutor:helpinghand",
        "tutor:hypervoice",
        "tutor:ominouswind",
        "tutor:painsplit",
        "tutor:poltergeist",
        "tutor:rest",
        "tutor:risingvoltage",
        "tutor:shadowball",
        "tutor:shockwave",
        "tutor:signalbeam",
        "tutor:sleeptalk",
        "tutor:snatch",
        "tutor:spite",
        "tutor:suckerpunch",
        "tutor:swift",
        "tutor:telekinesis",
        "tutor:thunderbolt",
        "tutor:trick",
        "tutor:uproar"
      ],
      "evolutions": [
	  {
		"id": "rotomfan_rotom",
		"variant": "level_up",
		"result": "rotom appliance=bulb",
		"consumeHeldItem": false,
		"learnableMoves": [],
		"requirements": [
			{
			"variant": "held_item",
			"itemCondition": "cobblemon:monitor"
			}
		]
		}
	  ],
      "battleOnly": false
    },
    {
      "name": "Mow",
      "primaryType": "electric",
      "secondaryType": "grass",
	  "baseScale": 0.85,
	  "hitbox": {
		"width": 0.75,
		"height": 1.65,
		"fixed": false
	  },
      "maleRatio": -1,
      "height": 3,
      "weight": 3,
      "pokedex": [
        "cobblemon.species.rotom-mow.desc"
      ],
      "labels": [
        "gen4"
      ],
      "aspects": [
        "mow-appliance"
      ],
      "baseStats": {
        "hp": 50,
        "attack": 65,
        "defence": 107,
        "special_attack": 105,
        "special_defence": 107,
        "speed": 86
      },
      "baseExperienceYield": 182,
      "moves": [
        "1:astonish",
        "1:doubleteam",
        "5:thundershock",
        "10:confuseray",
        "15:charge",
        "20:electroball",
        "25:thunderwave",
        "30:shockwave",
        "35:hex",
        "40:substitute",
        "45:trick",
        "50:discharge",
        "55:uproar",
        "form_change:leafstorm",
        "tm:allyswitch",
        "tm:charge",
        "tm:chargebeam",
        "tm:confuseray",
        "tm:darkpulse",
        "tm:doubleteam",
        "tm:dreameater",
        "tm:eerieimpulse",
        "tm:electricterrain",
        "tm:electroball",
        "tm:electroweb",
        "tm:endure",
        "tm:facade",
        "tm:flash",
        "tm:foulplay",
        "tm:helpinghand",
        "tm:hex",
        "tm:hypervoice",
        "tm:leafstorm",
        "tm:lightscreen",
        "tm:nastyplot",
        "tm:nightshade",
        "tm:ominouswind",
        "tm:painsplit",
        "tm:poltergeist",
        "tm:protect",
        "tm:raindance",
        "tm:reflect",
        "tm:rest",
        "tm:risingvoltage",
        "tm:shadowball",
        "tm:shockwave",
        "tm:signalbeam",
        "tm:sleeptalk",
        "tm:snatch",
        "tm:spite",
        "tm:storedpower",
        "tm:substitute",
        "tm:suckerpunch",
        "tm:sunnyday",
        "tm:swift",
        "tm:telekinesis",
        "tm:terablast",
        "tm:thief",
        "tm:thunder",
        "tm:thunderbolt",
        "tm:thunderwave",
        "tm:trick",
        "tm:uproar",
        "tm:voltswitch",
        "tm:willowisp",
        "tutor:allyswitch",
        "tutor:chargebeam",
        "tutor:darkpulse",
        "tutor:electroweb",
        "tutor:foulplay",
        "tutor:helpinghand",
        "tutor:hypervoice",
        "tutor:ominouswind",
        "tutor:painsplit",
        "tutor:poltergeist",
        "tutor:rest",
        "tutor:risingvoltage",
        "tutor:shadowball",
        "tutor:shockwave",
        "tutor:signalbeam",
        "tutor:sleeptalk",
        "tutor:snatch",
        "tutor:spite",
        "tutor:suckerpunch",
        "tutor:swift",
        "tutor:telekinesis",
        "tutor:thunderbolt",
        "tutor:trick",
        "tutor:uproar"
      ],
      "evolutions": [
		{
		"id": "rotommow_rotom",
		"variant": "level_up",
		"result": "rotom appliance=bulb",
		"consumeHeldItem": false,
		"learnableMoves": [],
		"requirements": [
			{
			"variant": "held_item",
			"itemCondition": "cobblemon:monitor"
			}
		]
		}
	  ],
      "battleOnly": false
    }
  ]
}